-200.32649813 -506.63746602	-1729.06995375	-2589.69361443	-2904.49354332	-2045.70088149	-231.882991616	-273.059927213	-128.641942881	-79.6685059241	-94.4805666062
-198.32307773 -558.635589411	-1313.11921868	-2582.81056808	-2782.91576643	-1977.92061849	-228.633684693	-245.555695133	-72.5146302177	-70.8741016694	-85.0181167871
-196.319660427 -796.747820522	-900.065757471	-2515.90308071	-2642.73844216	-1901.3101631	-296.952488627	-202.284398314	-63.3680585494	-56.3579020944	-70.7239327088
-194.316246222 -1140.9216799	-511.487760116	-2393.6010443	-2471.01141618	-1828.92062457	-405.215366169	-166.978978394	-33.1660672285	-42.734941929	-70.6183190571
-192.312835117 -1524.6505309	-202.185541129	-2225.0575263	-2251.79325866	-1767.36997151	-524.697458436	-177.101374055	115.532511675	-23.92232064	-72.7522059601
-190.309427113 -1884.70041755	-48.2455866744	-2022.28730391	-1975.30864526	-1709.95385692	-626.416419656	-160.141771151	322.092392943	111.402743096	-60.6147071462
-188.306022211 -2193.88623406	22.9770141968	-1808.27524902	-1651.23112028	-1631.21843426	-697.281534732	-104.318473876	552.252730674	289.0750829	-49.7728137108
-186.302620412 -2423.64127502	210.744241212	-1594.31843902	-1287.23533885	-1509.35209236	-730.242986733	-39.270423934	294.02401769	457.973772736	-39.8165699577
-184.299221718 -2593.73898098	182.292379457	-1378.63421402	-902.314882734	-1326.57147752	-710.056787137	28.1630124957	145.686759814	651.410261731	-31.585287529
-182.295826131 -2724.98487308	15.1717257222	-1150.17891417	-539.1370977	-1086.73402647	-624.80723987	97.3431437452	85.7250068906	915.304427235	-24.4527754136
-180.292433651 -2828.54909152	-89.8935523447	-903.325982376	-250.342660301	-814.509371277	-477.365698861	113.765593395	10.3135488519	930.6804378	-21.1694090865
-178.28904428 -2906.22108251	-249.849654576	-646.034539747	-89.946666709	-551.380404368	-312.398327627	153.237853348	15.4503156518	715.383403043	-19.6563859855
-176.285658019 -2968.80415393	-401.991181329	-406.127708651	-63.4691357856	-346.044876799	-162.720109833	69.5785811643	-0.586726968166	701.28189754	-10.7163529801
-174.28227487 -3050.84044652	-550.657316306	-233.861044771	-185.170970136	-225.573608166	-57.8711230298	-64.5601083886	-19.8455503975	493.513146953	-9.31006274408
-172.278894834 -3118.24480607	-697.573159629	-192.311513989	-437.900431988	-183.139477968	-35.0166576784	-154.08039556	-36.2502618826	313.768340741	-10.836329151
-170.275517912 -3158.51236281	-830.498720482	-267.824781121	-756.626003541	-200.53192274	-69.4872519318	-201.49801233	-48.2641822281	113.179910576	-12.9335744695
-168.272144105 -3206.25250193	-957.731411516	-384.59239329	-1088.57985137	-268.056308234	-98.4327487084	-252.120177065	-45.9908138	55.4453070634	-18.689190826
-166.268773416 -3291.38859922	-1084.96745494	-516.538862519	-1385.9331654	-368.416502934	-108.290312702	-285.443559278	-36.1755583888	2.91298199941	-18.2161923578
-164.265405844 -3397.83949697	-1226.03916071	-651.02999177	-1614.42019207	-493.852192072	-120.01239737	-289.406896964	-31.9977589576	-21.9596344356	-5.74913848767
-162.262041392 -3447.43873581	-1379.88057665	-779.128016256	-1761.49483007	-637.94947239	-179.842307723	-272.737864109	-50.1075423659	-25.0065140653	38.2962346604
-160.258680061 -3477.24074126	-1535.82405925	-908.603442537	-1848.01997951	-791.27128808	-289.529470927	-268.557878208	-99.9726734975	-23.312375628	-3.26054255843
-158.255321853 -3533.8713527	-1683.12404272	-1037.48267373	-1903.86558168	-955.582799535	-401.444434978	-278.677454071	-101.789980753	-20.6780587171	-22.6956593495
-156.251966767 -3560.21871668	-1812.59538463	-1164.51130425	-1952.8083846	-1115.6287164	-498.325689275	-283.999442221	-101.434667974	-31.495485576	-33.6557245044
-154.248614807 -3576.2172899	-1923.52373166	-1278.38289896	-2009.90890889	-1250.774511	-578.414230556	-286.208602799	-115.518134653	-49.2957516987	-41.8338242739
-152.245265972 -3628.3330045	-2013.32347768	-1375.79127632	-2075.6951816	-1352.42107118	-639.583637888	-289.501743493	-131.552875799	-64.4178689394	-48.3145286774
-150.241920265 -3683.66852784	-2082.30342691	-1470.41426734	-2143.05600335	-1421.50515049	-682.435909331	-297.088398422	-141.762866676	-69.6139028342	-50.6629257795
-148.238577687 -3723.82202955	-2127.97266817	-1567.19839305	-2202.6464496	-1464.21644485	-713.429611714	-305.825297609	-150.015426376	-74.2912324186	-51.3555011712
-146.235238239 -3753.77722178	-2156.29338081	-1672.65841341	-2247.22844762	-1487.53814117	-736.82674566	-309.522657881	-152.739878158	-76.9094173331	-54.8713602243
-144.231901922 -3745.70242916	-2174.09357581	-1784.49582407	-2276.59459612	-1499.38722877	-756.531397482	-308.17689917	-148.37272118	-83.180335559	-58.1792809307
-142.228568738 -3724.21049326	-2192.44643416	-1891.42512575	-2294.73502855	-1508.36005056	-772.897404472	-301.634605042	-141.746822741	-90.9368929651	-60.955258852
-140.225238688 -3717.40767349	-2219.03969846	-1980.00123087	-2303.79580557	-1518.87749859	-782.428942494	-289.800257093	-140.879220269	-93.5517135587	-63.3155949409
-138.221911774 -3766.25347684	-2257.54495615	-2041.23234489	-2303.20257221	-1530.17139121	-778.617097932	-276.600150679	-140.059164135	-97.1493727655	-68.1518280252
-136.218587996 -3853.23988879	-2308.60140707	-2078.02300744	-2288.94973157	-1541.48861136	-757.768556475	-259.463208993	-135.750477078	-116.214536519	-73.6925973432
-134.215267355 -3947.75679776	-2368.32720361	-2099.23433168	-2261.42987806	-1542.7841385	-727.055244496	-241.053558583	-112.717993413	-148.973889311	-81.3057697651
-132.211949855 -4041.98640146	-2430.81514683	-2112.31564314	-2225.63909441	-1531.5179736	-687.448601625	-219.377080303	-102.843605403	-183.326992449	-87.3450783946
-130.208635494 -4142.73866384	-2491.83793733	-2121.1754261	-2188.17057776	-1502.15928712	-612.359223103	-193.770248165	-111.843493196	-210.541991517	-90.3518233596
-128.205324276 -4239.1745417	-2555.0302142	-2129.90498636	-2154.66607834	-1453.57676089	-489.570802328	-167.316758418	-119.090082588	-230.40577151	-93.8787817635
-126.2020162 -4323.24897477	-2619.0107199	-2141.56753491	-2133.00580015	-1379.64391838	-345.598268557	-140.681496289	-125.144377356	-250.882583545	-100.580355152
-124.198711269 -4393.40996371	-2685.07565149	-2162.56383177	-2125.16689035	-1264.77900002	-238.448184718	-121.377989572	-126.640023511	-279.484599094	-107.483721879
-122.195409484 -4447.0082874	-2743.66575189	-2195.68077907	-2131.2432673	-1099.80222851	-190.985687009	-109.456308649	-134.771140215	-319.922631828	-113.580513567
-120.192110846 -4482.06923732	-2785.63400356	-2241.61839928	-2146.58434219	-902.099342597	-175.132351241	-109.970240558	-144.873725688	-376.824225165	-122.032061036
-118.188815357 -4496.38415719	-2809.38334007	-2300.11034171	-2171.56332195	-691.75619542	-162.188353469	-120.714148236	-151.045138351	-446.424021179	-131.78396522
-116.185523016 -4497.27972335	-2813.89454369	-2367.47556624	-2198.93999371	-492.063872851	-148.18684164	-142.425025088	-153.801355578	-534.991953725	-140.491836874
-114.182233827 -4491.89387743	-2804.02399751	-2439.18471126	-2217.46089548	-323.813160899	-140.660224776	-171.71347178	-162.201619672	-649.616750296	-139.168475017
-112.17894779 -4498.2097498	-2789.13681259	-2511.34673284	-2219.64962825	-211.575156086	-147.59913806	-209.649655149	-182.146843059	-787.397767703	-146.316934858
-110.175664907 -4510.56532105	-2778.99906619	-2576.54154977	-2202.26385345	-173.931047148	-171.964614324	-259.370067958	-198.376936412	-932.549397074	-157.30984131
-108.172385178 -4530.45024641	-2788.08833334	-2634.21353888	-2167.45715402	-178.970049956	-212.740530504	-325.557484896	-209.077310713	-1074.78290457	-163.801561838
-106.169108606 -4538.95836071	-2818.50578659	-2685.4002039	-2124.10664083	-177.693473552	-261.270505482	-410.508922765	-213.919390952	-1211.41719678	-177.846888439
-104.165835191 -4535.67111436	-2869.92393059	-2732.66170121	-2080.36946474	-167.600640862	-310.062197954	-506.713990491	-215.606148291	-1336.13622115	-197.398679902
-102.162564934 -4515.31706399	-2925.57301423	-2786.03941483	-2034.5846976	-152.172869902	-357.40468532	-608.884435707	-220.549220596	-1443.49622426	-202.835758169
-100.159297838 -4472.11837578	-2979.46456008	-2848.39141148	-1980.13230452	-144.167562175	-409.764791011	-712.435519645	-244.385486358	-1527.03020489	-211.277270153
-98.1560339025 -4423.93406987	-3020.28755021	-2901.23666188	-1903.36815348	-156.740107413	-474.050513737	-818.86545464	-315.718761668	-1586.03353194	-226.059599106
-96.1527731297 -4387.73516685	-3045.38528522	-2915.5841179	-1793.07916245	-181.563028853	-555.904593835	-932.078546527	-455.850756297	-1624.88808146	-250.499713661
-94.1495155208 -4377.69041425	-3060.69909642	-2886.91376976	-1626.935175	-217.36462413	-654.302653565	-1055.0059321	-640.570962327	-1654.21210156	-269.469850291
-92.146261077 -4406.08631869	-3073.17494404	-2872.85712142	-1405.50680069	-279.786808031	-761.524018182	-1187.61884859	-824.530223539	-1682.01950094	-268.979591477
-90.1430097995 -4476.1050944	-3088.46016947	-2881.08336996	-1181.28242911	-384.983717507	-865.919356642	-1333.02750472	-989.800882681	-1715.49714838	-226.823925119
-88.1397616897 -4585.69952276	-3110.40874683	-2904.14710188	-1004.9729742	-522.578747514	-954.988424322	-1489.79874412	-1132.79749256	-1750.38706617	-175.458615103
-86.1365167488 -4728.91795276	-3143.1923872	-2931.04073941	-856.489861691	-678.323994641	-1030.31413306	-1657.64224869	-1263.44616388	-1779.87132954	-182.818770364
-84.1332749782 -4899.15976616	-3186.60778219	-2961.51851824	-806.361239565	-837.554121102	-1097.42714603	-1830.08934323	-1389.70664082	-1797.04276725	-360.537946223
-82.1300363789 -5082.09699419	-3241.46558	-3007.23463976	-944.082299363	-1061.88896388	-1169.17466662	-2002.22671761	-1510.60253571	-1798.83210703	-531.044987229
-80.1268009525 -5266.37333569	-3308.04755859	-3075.15933924	-1130.34362663	-1336.96088182	-1259.99317444	-2171.39578449	-1632.60163584	-1790.34731682	-672.898082587
-78.1235687 -5440.17146963	-3381.73332178	-3158.90312842	-1355.80391027	-1681.14256838	-1378.44135409	-2338.20563815	-1762.17799888	-1782.23305288	-794.40990975
-76.1203396228 -5591.77352549	-3469.22155334	-3254.9636991	-1627.94741516	-2035.35313201	-1529.78023137	-2502.67318526	-1903.62846922	-1780.52658979	-900.070415748
-74.1171137222 -5717.92710003	-3578.27700905	-3356.15159178	-1715.18159378	-2386.59396431	-1714.1099262	-2664.78992406	-2058.25169814	-1784.98925421	-996.408191046
-72.1138909994 -5817.6952135	-3712.89854474	-3453.55332772	-1888.13464384	-2706.02043524	-1926.49081183	-2826.85853092	-2224.06358629	-1791.2658375	-1085.01109081
-70.1106714557 -5893.90232732	-3874.88056409	-3544.31923639	-2159.80470405	-3001.80020945	-2162.98023738	-2995.49827269	-2394.87778162	-1810.42018784	-1178.30302767
-68.1074550923 -5951.03070291	-4060.66961249	-3624.48059736	-2384.32605652	-3265.47477318	-2417.25186779	-3175.27486074	-2564.52509777	-1882.3815502	-1280.15690585
-66.1042419106 -5997.61214889	-4261.58141317	-3696.64667899	-2618.36278559	-3492.17007007	-2684.09196334	-3370.23775511	-2724.5544204	-1983.34787434	-1396.3547927
-64.1010319118 -6039.22082972	-4473.9330168	-3769.81701461	-2876.51466754	-3678.58006555	-2954.7823276	-3580.0607811	-2861.81616989	-2060.6230561	-1515.62902614
-62.0978250971 -6086.3396955	-4688.50607065	-3851.49802301	-3142.54658631	-3825.88311717	-3220.91387919	-3797.494676	-2975.4725341	-2138.90656934	-1630.74549198
-60.0946214678 -6144.30361437	-4898.40943424	-3952.45092855	-3404.15114994	-3940.72952854	-3468.33879102	-4014.28355378	-3063.93816928	-2203.97247717	-1736.19008418
-58.0914210251 -6220.30928921	-5106.75427231	-4085.93922376	-3668.12449264	-4038.33354418	-3682.11096202	-4219.89040979	-3131.90478134	-2252.1016169	-1838.5161484
-56.0882237704 -6319.32524627	-5313.57621868	-4259.75559397	-3915.56969001	-4133.43919412	-3856.37163207	-4405.59218794	-3192.66292641	-2303.59179494	-1950.53980231
-54.0850297048 -6446.31134794	-5521.41431085	-4467.53280774	-4138.52539944	-4238.88063742	-3997.01245818	-4565.67723061	-3257.40982964	-2387.50857246	-2082.54008593
-52.0818388297 -6603.30368412	-5714.46375711	-4632.59158685	-4332.62485574	-4359.49153178	-4113.38504395	-4700.58155951	-3341.99111987	-2526.29389563	-2241.31610684
-50.0786511463 -6785.78362083	-5873.32298728	-4796.0605036	-4499.5847688	-4491.58807854	-4218.15828838	-4813.56282422	-3455.09769517	-2710.63198693	-2425.08088227
-48.0754666558 -6985.3093277	-6027.46596837	-4986.11087342	-4645.60904104	-4631.10938237	-4326.96882193	-4910.84459352	-3605.55790006	-2909.60771303	-2623.97565379
-46.0722853595 -7190.83951943	-6209.32222954	-5202.96764877	-4778.40540694	-4768.85022732	-4448.43237604	-4994.16237949	-3802.94418619	-3107.84835676	-2801.11169428
-44.0691072587 -7391.34691015	-6398.45286749	-5429.28102608	-4907.47719939	-4897.23789285	-4584.72782288	-5069.24068998	-4053.44028321	-3273.57389143	-2953.78769468
-42.0659323545 -7571.44031815	-6566.30383251	-5652.69060433	-5036.95471304	-5013.00631339	-4733.86421925	-5138.66147471	-4336.76581789	-3389.77485495	-3113.84998551
-40.0627606482 -7725.12384133	-6715.31717617	-5867.39095014	-5166.93477628	-5115.69878663	-4892.07821298	-5204.40562745	-4621.35418312	-3461.67891878	-3291.13823262
-38.0595921412 -7836.10031148	-6850.73500103	-6061.77502899	-5294.62324603	-5207.89342042	-5051.68887621	-5267.79695305	-4883.73028201	-3508.10616104	-3460.86893244
-36.0564268346 -7900.1890614	-6978.4444922	-6229.74266716	-5414.74083129	-5292.63753669	-5206.77306929	-5329.72988475	-5105.43183828	-3551.41104941	-3604.07649639
-34.0532647296 -7920.4862963	-7103.39104582	-6365.14580554	-5521.41639996	-5371.36228398	-5349.21798325	-5388.76122638	-5275.75445529	-3617.59336411	-3710.42983511
-32.0501058276 -7964.4959539	-7224.13329183	-6468.48795127	-5615.46657662	-5445.97405918	-5476.8686224	-5449.26873173	-5396.80623426	-3726.19291046	-3790.79517227
-30.0469501297 -8053.85489006	-7340.47200541	-6545.35115664	-5702.749388	-5516.41414316	-5586.56750654	-5509.07864863	-5476.08710386	-3887.78244809	-3864.17634617
-28.0437976372 -8180.18465118	-7449.41460691	-6608.96639867	-5791.95529564	-5587.07791105	-5678.39498898	-5569.91086334	-5530.20645179	-4099.31811862	-3953.89234775
-26.0406483513 -8311.35760908	-7552.04088234	-6667.20121863	-5892.66168653	-5661.68784584	-5752.64155663	-5637.16463354	-5573.52176905	-4343.40074887	-4077.61434687
-24.0375022733 -8423.11358338	-7653.74761414	-6729.09533082	-6010.11983735	-5744.44433288	-5812.33705288	-5709.56658398	-5625.60623167	-4598.57751534	-4237.17851339
-22.0343594045 -8495.55320087	-7756.74886255	-6798.1034552	-6146.76932074	-5839.66968584	-5861.64732045	-5790.34473649	-5699.4462353	-4841.30863011	-4420.12475895
-20.0312197459 -8517.80886713	-7860.25726685	-6878.16541126	-6294.31074161	-5949.68772172	-5907.41775045	-5882.78370901	-5797.04681076	-5053.28853015	-4606.15341956
-18.0280832989 -8490.19623519	-7959.32669684	-6961.78728929	-6443.91457404	-6072.70607312	-5959.21819955	-5986.05699711	-5916.99024805	-5222.62377247	-4771.64358065
-16.0249500648 -8416.7581776	-8055.51075754	-7043.08589256	-6584.68317272	-6208.99416997	-6027.56023202	-6102.67912023	-6054.23178986	-5348.83474134	-4902.72529907
-14.0218200447 -8308.63002041	-8149.77407494	-7117.25594363	-6708.7574301	-6356.62946039	-6119.27876587	-6233.52251727	-6199.4614777	-5439.00678314	-4997.20235578
-12.0186932398 -8178.08498885	-8246.87902248	-7177.85785772	-6813.05387457	-6510.50396755	-6240.09428554	-6380.52057808	-6340.78895517	-5503.44332857	-5059.67129936
-10.0155696514 -8037.12114715	-8354.18989439	-7222.60266833	-6898.27049869	-6667.64883679	-6390.56274398	-6543.87357241	-6472.87149971	-5556.43529775	-5107.12254694
-8.01244928081 -7893.9808256	-8475.76703756	-7250.30252665	-6969.22105798	-6828.19670545	-6562.85270942	-6721.76152454	-6587.92784629	-5613.77355261	-5154.41710806
-6.00933212912 -7748.20263828	-8541.73037965	-7264.1952718	-7023.31994505	-6994.39458275	-6742.48266272	-6913.11465205	-6685.65046851	-5691.06682181	-5214.94797073
-4.00621819761 -7588.49765498	-8414.34305648	-7262.92874288	-7084.08850174	-7166.68861816	-6914.55393036	-7113.60511738	-6770.04624709	-5797.59456695	-5296.87126491
-2.0031074875 -7413.94303981	-8128.96559986	-7243.404665	-7188.87862378	-7370.73872267	-7064.52616061	-7318.50129227	-6851.22044278	-5936.42604353	-5404.30832389
0 -7270	-7815.6256757	-7203.93246316	-7357.57454666	-7576.32524343	-7180.22304104	-7529.50009605	-6931.89481541	-6102.90493907	-5531
2.00310426366 -7133.78067859	-7545.83394351	-7139.01342368	-7557.75670673	-7597.90837412	-7252.22419697	-7744.09121963	-7016.52606577	-6283.11257639	-5670.04484334
4.00620530225 -6998.98633235	-7317.23931974	-7045.01388884	-7731.28552658	-7672.207864	-7281.41113441	-7951.74847034	-7104.51727554	-6464.18117174	-5808.21875349
6.00930311457 -6880.80056301	-7125.58455894	-6919.90316922	-7730.1610938	-7683.95038847	-7268.9167473	-8149.92243748	-7195.2576677	-6632.05345049	-5926.56456982
8.01239769939 -6784.03257798	-6962.46184295	-6770.49669697	-7582.00670143	-7523.00153771	-7221.41445415	-8345.14606094	-7283.02687504	-6781.24721291	-6009.44412857
10.0154890555 -6706.63528104	-6829.55837566	-6605.07819623	-7481.74066042	-7307.02314363	-7148.39551462	-8468.91271578	-7361.02331712	-6911.87743196	-6053.47393913
12.0185771817 -6643.72971787	-6721.73163722	-6433.40503612	-7390.62806663	-7076.69861611	-7058.29085196	-8471.31427415	-7422.38431153	-7028.4447982	-6101.38408868
14.0216620768 -6587.48093999	-6631.40020526	-6266.16205985	-7257.02563443	-6841.62945588	-6956.68508319	-8358.47382422	-7460.34835646	-7133.35353811	-6174.32978264
16.0247437395 -6526.47312446	-6552.85664318	-6123.92290927	-7090.66085992	-6617.45370227	-6848.5056134	-8179.70598528	-7471.37510701	-7229.680354	-6267.41250525
18.0278221686 -6454.53640462	-6482.2632755	-6022.43999582	-6912.36415776	-6412.10862373	-6737.49850842	-7980.74135455	-7449.60155398	-7316.57102288	-6365.09135034
20.030897363 -6369.72034232	-6411.64478171	-5943.89301169	-6740.46132855	-6228.87350211	-6623.70046618	-7773.60055091	-7391.55093201	-7386.74612785	-6474.43153688
22.0339693214 -6277.28335108	-6336.20775146	-5876.9455414	-6582.01086655	-6072.85778072	-6506.84805123	-7575.19785993	-7296.71151887	-7433.16253647	-6602.49238578
24.0370380426 -6188.41306722	-6256.82501361	-5822.51646772	-6437.16819116	-5952.35044885	-6383.90156002	-7405.63752089	-7166.55525752	-7450.87793591	-6739.37268713
26.0401035254 -6120.02042746	-6178.36705233	-5775.73699903	-6311.06039274	-5860.21761138	-6256.65527472	-7257.87362525	-7011.77181745	-7432.93271189	-6863.71528839
28.0431657686 -6063.66495873	-6109.48705659	-5731.52174994	-6192.68946186	-5782.22827356	-6127.76232564	-7113.20368141	-6842.1511009	-7377.73553901	-6956.59500967
30.0462247711 -5982.56829563	-6045.66926365	-5688.68465886	-6074.28995334	-5710.61082731	-6004.99884697	-6953.59771995	-6666.51272114	-7285.01729727	-7001.94930751
32.0492805315 -5784.28390319	-5971.36376154	-5644.93269786	-5953.23707773	-5637.09677466	-5900.73516786	-6784.44900974	-6495.90521493	-7161.24515978	-6992.06230217
34.0523330488 -5605.56505201	-5872.49767218	-5600.47923364	-5825.3940271	-5559.80382303	-5807.75643092	-6629.75128766	-6345.17264225	-7012.27571288	-6926.66709099
36.0553823216 -5516.55943657	-5764.24057415	-5556.02792337	-5694.03919972	-5477.95440286	-5721.37889364	-6500.24399159	-6247.49806585	-6847.40777395	-6817.51383482
38.0584283489 -5454.83705066	-5652.01424442	-5512.78268598	-5568.49327022	-5398.16161771	-5639.08405663	-6354.18787409	-6181.43736169	-6674.01772367	-6677.58783973
40.0614711293 -5407.67893888	-5536.15042578	-5471.0997779	-5467.02521182	-5326.35761872	-5557.3948844	-6152.34214833	-6120.25134237	-6507.90394298	-6521.94697393
42.0645106618 -5377.56105532	-5436.03594302	-5426.5448899	-5417.39129411	-5265.84315714	-5476.67619877	-5956.85480414	-6057.88122838	-6394.37330095	-6362.41114155
44.0675469451 -5360.4330793	-5365.8361416	-5380.96941066	-5369.43170397	-5219.18862943	-5394.92147966	-5867.32932931	-5995.29408519	-6325.50398523	-6216.50316087
46.070579978 -5352.44620041	-5330.19369013	-5351.23645568	-5303.15640799	-5181.87163284	-5313.83465514	-5793.25137011	-5932.60516995	-6277.58124003	-6119.33854468
48.0736097594 -5343.74963073	-5310.85736337	-5307.24336811	-5249.61671478	-5151.44645315	-5234.00076591	-5670.27155177	-5869.94092741	-6240.26406714	-6058.90400549
50.076636288 -5328.86342227	-5280.56746036	-5232.22631734	-5209.80528682	-5128.53556528	-5159.80352066	-5585.29190309	-5808.90084903	-6209.34181049	-6008.58895606
52.0796595627 -5303.45843194	-5230.43287956	-5161.52285337	-5178.83472851	-5110.24916775	-5093.4331136	-5546.52200742	-5752.72168945	-6180.77393779	-5961.37185294
54.0826795822 -5266.61119693	-5178.6529196	-5104.8484552	-5154.27783438	-5104.84960019	-5033.10928318	-5528.03410697	-5701.8122529	-6144.40762024	-5917.0386566
56.0856963454 -5220.52010274	-5124.97888058	-5066.39596031	-5132.06010964	-5066.15136175	-4969.92674906	-5505.89353601	-5656.93500842	-6103.8815538	-5873.81332883
58.0887098512 -5180.80998303	-5071.54788019	-5046.65038995	-5107.32320841	-5009.39815235	-4901.61489656	-5481.12250368	-5620.07430163	-6064.09862237	-5832.32562313
60.0917200982 -5158.84959247	-5033.20682253	-5043.88085173	-5076.90329365	-4954.18059378	-4849.30516402	-5454.67410578	-5587.96569487	-6033.33635844	-5795.2418911
62.0947270854 -5136.50846054	-5017.94611645	-5052.46913784	-5039.36857854	-4905.77080068	-4822.13224066	-5426.42006053	-5560.60270042	-6001.5144676	-5764.16785349
64.0977308115 -5115.18777613	-5023.1208875	-5070.19837329	-4994.78373244	-4868.46110716	-4782.98663484	-5387.52765568	-5535.80587997	-5954.13192411	-5739.72294277
66.1007312754 -5097.49179699	-5043.0725977	-5092.96664096	-4944.65800225	-4842.89263371	-4721.37501565	-5335.20426157	-5513.80721336	-5899.35412263	-5722.76493822
68.1037284759 -5083.60099254	-5066.57126715	-5109.69192644	-4898.32623482	-4828.40132649	-4652.58746214	-5282.19022373	-5495.91321979	-5869.23740449	-5710.80225313
70.1067224119 -5064.54735872	-5085.25194835	-5118.50899187	-4863.3403139	-4821.05432309	-4590.45752143	-5254.43933018	-5479.86100848	-5854.53583283	-5705.20426938
72.109713082 -5048.47160041	-5092.09510013	-5111.98733086	-4846.93315069	-4817.83091686	-4539.98339788	-5237.10984049	-5466.15605216	-5836.7808369	-5701.34414424
74.1127004853 -5039.18490056	-5080.20368491	-5097.54346796	-4851.38475535	-4815.20822639	-4507.82179372	-5218.44950343	-5451.17169	-5815.37968023	-5696.982112
76.1156846204 -5037.63150612	-5050.149716	-5079.79623512	-4869.07669533	-4810.28149395	-4495.94628331	-5202.28332073	-5431.39566831	-5787.96767365	-5689.75386399
78.1186654863 -5039.56274079	-4997.43836669	-5058.79132633	-4895.6722693	-4802.97357777	-4508.61424223	-5193.82913622	-5412.48221043	-5764.02071853	-5678.96724842
80.1216430817 -5046.93295017	-4971.76974488	-5034.16715223	-4917.7819128	-4793.1709195	-4544.5305227	-5191.07406884	-5394.54721808	-5754.65259008	-5665.94152437
82.1246174055 -5058.9668042	-4970.03493955	-5005.60578366	-4928.9435332	-4784.69199614	-4602.13118464	-5190.94414083	-5370.47042371	-5737.53615748	-5655.07705183
84.1275884565 -5076.52481653	-4968.19759501	-4973.40966284	-4925.65579681	-4777.57110402	-4672.17681151	-5190.41800042	-5335.47523996	-5709.02417562	-5648.26976813
86.1305562336 -5104.92327858	-4951.71825488	-4936.95750137	-4909.11188711	-4775.12332786	-4744.81565191	-5185.65771425	-5303.7373021	-5691.49542916	-5647.02080906
88.1335207356 -5138.07981474	-4922.52818555	-4898.41895811	-4886.78815836	-4772.55438997	-4816.56372332	-5179.42828993	-5282.88408849	-5686.29474241	-5650.49430775
90.1364819612 -5166.28137664	-4880.20872513	-4858.26174928	-4857.14072691	-4751.19784364	-4890.31739204	-5172.86924854	-5272.79815312	-5677.94145383	-5656.2391254
92.1394399095 -5185.60667117	-4829.3166889	-4821.01151989	-4821.90035527	-4715.5571043	-4943.44585353	-5165.9605281	-5273.17804301	-5664.75594799	-5659.41339938
94.1423945791 -5193.87769529	-4777.85126137	-4801.50633711	-4796.07468274	-4703.46936807	-4959.57075995	-5162.76655131	-5280.67400176	-5649.69104807	-5656.7363808
96.145345969 -5187.56121813	-4734.8584563	-4807.82824281	-4789.17161371	-4723.05022424	-4936.99700394	-5163.4090059	-5295.71881742	-5640.68046213	-5648.96634608
98.1482940779 -5172.36922433	-4706.94988654	-4839.93577874	-4804.05698835	-4749.79961205	-4900.09569705	-5163.70733301	-5313.35753527	-5634.5187793	-5635.49638106
100.151238905 -5148.94109225	-4697.76380965	-4876.8637755	-4829.25717018	-4782.18288234	-4867.05657408	-5162.99128561	-5331.32899143	-5626.4047246	-5614.28199588
102.154180448 -5117.75070298	-4706.88577046	-4890.58251506	-4850.18448519	-4830.38900314	-4863.52544962	-5158.49726884	-5348.31105733	-5612.18570616	-5596.85910016
104.157118708 -5077.49288302	-4731.3673305	-4884.50667953	-4843.8934299	-4867.50293646	-4871.14843402	-5151.74784449	-5362.62260634	-5596.08358393	-5586.66312648
106.160053681 -5023.20651952	-4764.52831972	-4876.02793898	-4817.06443949	-4880.90459151	-4878.65586979	-5148.96085107	-5374.53751647	-5583.50006758	-5584.11231037
108.162985368 -4967.56973124	-4800.17943753	-4854.00370947	-4791.6001551	-4857.7003397	-4878.94311436	-5154.38188391	-5382.69631649	-5575.94310136	-5585.87918904
110.165913768 -4918.78775979	-4835.45633959	-4824.51717449	-4779.54765421	-4809.60575309	-4875.86606394	-5156.03877065	-5387.10527402	-5570.95161273	-5589.29233296
112.168838878 -4885.4901454	-4867.45949383	-4799.88340403	-4782.33189661	-4767.43360462	-4870.61121867	-5150.02037063	-5389.62094756	-5569.69159616	-5590.14573602
114.171760698 -4867.57936142	-4896.90848868	-4782.92456041	-4797.01592522	-4765.51348379	-4864.43771316	-5140.33533025	-5389.52868138	-5570.66500815	-5589.375798
116.174679227 -4861.54043098	-4922.37297443	-4776.12070694	-4819.43227748	-4793.30660635	-4856.61900423	-5132.38791187	-5387.88669595	-5572.80801787	-5589.42175094
118.177594463 -4864.35847981	-4940.02945801	-4774.39472587	-4839.30065648	-4815.91404572	-4845.36717246	-5122.88891368	-5385.14700368	-5573.23721516	-5589.11493245
120.180506406 -4869.20767443	-4944.19554049	-4772.07444686	-4844.25557162	-4827.76333647	-4831.76045735	-5105.83698963	-5382.63754703	-5570.99200863	-5590.17570035
122.183415054 -4873.08939909	-4934.56797729	-4763.58911217	-4830.78049722	-4833.01653415	-4817.45435437	-5079.48412827	-5381.88908486	-5565.1897699	-5591.4828058
124.186320406 -4874.13106708	-4927.33762645	-4749.77138109	-4804.26875906	-4843.43930365	-4806.93954073	-5048.51725458	-5385.52075586	-5558.48548986	-5592.61878353
126.189222461 -4873.80748937	-4937.98542578	-4735.53119948	-4775.11154041	-4861.60213101	-4802.47945032	-5022.56442431	-5397.11716531	-5552.35428798	-5591.95618868
128.192121218 -4873.23735988	-4953.6890547	-4727.21984949	-4749.22875899	-4883.25216581	-4804.45523386	-5020.61256443	-5421.02788702	-5555.97795863	-5588.82562182
130.195016675 -4871.9999979	-4958.65165761	-4726.49548325	-4736.07046151	-4899.39937386	-4808.52959047	-5058.97726559	-5449.6171928	-5587.58797902	-5584.68175365
132.197908833 -4865.74277724	-4957.09411287	-4727.71794136	-4742.66206762	-4899.35342407	-4808.47945256	-5091.44848387	-5469.54864615	-5643.41569273	-5579.92460988
134.200797688 -4849.69661078	-4954.88333862	-4729.00775446	-4770.44208708	-4860.48164138	-4805.50411585	-5115.88066691	-5478.09259819	-5706.7495161	-5575.56682194
136.203683241 -4817.24623581	-4950.89319365	-4734.44301625	-4808.51266325	-4770.43767071	-4806.12855061	-5104.96388951	-5480.07090715	-5748.81311243	-5565.7834843
138.206565491 -4781.14008771	-4946.88540592	-4738.63924673	-4843.07254513	-4642.71338087	-4806.53619371	-5095.7785644	-5471.79642098	-5777.36221105	-5560.01193164
140.209444435 -4744.77724014	-4939.63917659	-4738.9076334	-4870.29929797	-4501.34971647	-4817.52859196	-5106.199003	-5451.55039046	-5792.42254095	-5560.13191101
142.212320073 -4699.3571865	-4918.87826299	-4732.75259556	-4895.47553627	-4369.33462396	-4817.51968089	-5131.04189092	-5426.22644206	-5793.61351111	-5564.36529532
144.215192404 -4711.99535034	-4895.67106524	-4719.23944178	-4902.53368463	-4271.07506657	-4804.69489909	-5169.37731735	-5415.65391504	-5782.83303879	-5570.87134955
146.218061427 -4791.41354222	-4883.40937358	-4697.29729675	-4887.58878042	-4222.62857512	-4793.35299848	-5208.60291839	-5464.10275086	-5764.34949988	-5575.12463978
148.22092714 -4847.68780036	-4890.67830504	-4673.92872413	-4859.76154041	-4230.85213856	-4792.50128731	-5226.20044653	-5532.91520334	-5743.41009495	-5578.47380363
150.223789542 -4869.27332832	-4913.6465326	-4651.25598869	-4828.99102115	-4287.87264081	-4797.7045044	-5232.77690692	-5548.18331132	-5723.28978132	-5572.79515032
152.226648633 -4878.93154322	-4940.76978514	-4633.48940195	-4801.36032294	-4379.19023494	-4809.02737407	-5234.73351042	-5550.94768291	-5707.55958327	-5561.09018295
154.229504411 -4906.26973209	-4957.80881317	-4623.87235728	-4780.98282805	-4485.76522565	-4825.42089848	-5223.63718174	-5555.58197184	-5694.83449903	-5551.71772243
156.232356875 -4940.32908911	-4945.40261797	-4620.21405238	-4770.07846566	-4588.87253852	-4847.80342774	-5207.41388863	-5559.67669826	-5682.33640987	-5543.52566478
158.235206024 -5021.22264748	-4900.81052529	-4619.71445198	-4768.18632388	-4674.37914364	-4871.1463897	-5203.9836077	-5563.32442866	-5669.28000078	-5538.36060102
160.238051857 -5128.91062087	-4850.71056838	-4616.87682473	-4777.847118	-4734.44952826	-4887.5965287	-5209.13387598	-5575.27178489	-5653.13622505	-5535.32266823
162.240894373 -5175.12320339	-4823.6754309	-4609.64304806	-4801.65966013	-4767.79546233	-4889.96189265	-5222.9160502	-5577.56067722	-5634.09151493	-5533.00795271
164.24373357 -5161.14338739	-4831.462576	-4597.04471613	-4832.85401301	-4780.40290915	-4880.00032512	-5219.94259014	-5551.46613856	-5617.9395227	-5530.74351093
166.246569447 -5143.21266833	-4877.98440801	-4589.20141129	-4865.47701693	-4779.4573571	-4861.74620721	-5177.54385371	-5509.12864619	-5609.82561506	-5528.13381462
168.249402004 -5134.57752757	-4899.04706098	-4599.44297424	-4887.68978054	-4769.97372362	-4843.73220734	-5098.16345019	-5470.0262461	-5606.44330967	-5524.98674158
170.252231239 -5124.10807393	-4900.92885966	-4635.01207969	-4878.91295461	-4757.45496842	-4834.28909189	-5060.0688746	-5443.84138864	-5609.33368563	-5522.36214911
172.255057151 -5114.75332358	-4924.84865451	-4694.59910756	-4831.65293736	-4744.65007546	-4838.95664446	-5066.34851624	-5436.81187933	-5619.84034936	-5519.87426724
174.25787974 -5126.06473991	-4921.85197402	-4772.50846078	-4793.08062087	-4735.27953718	-4856.00246874	-5084.5603853	-5449.39989458	-5636.32956227	-5519.92034867
176.260699003 -5153.89493447	-4880.93374743	-4846.82036215	-4789.44400403	-4731.9766274	-4881.84101191	-5116.32312862	-5477.69595035	-5645.76780497	-5522.08590776
178.26351494 -5168.6796256	-4865.86393989	-4905.77471004	-4815.17747826	-4738.55486657	-4906.40300622	-5151.50086331	-5494.10355398	-5634.67289536	-5525.28660533
180.266327549 -5152.37113486	-4837.4411852	-4956.886726	-4848.41378975	-4756.95792577	-4923.29278919	-5165.50192247	-5501.18929806	-5608.28013739	-5529.18638409
182.269136831 -5122.35286812	-4793.55937526	-5010.57329249	-4886.57375502	-4785.38106824	-4932.11446439	-5171.293389	-5489.57199422	-5591.41761648	-5530.27957974
184.271942782 -5101.63840989	-4852.63886836	-5071.78753744	-4921.41812936	-4821.30288307	-4938.6152593	-5173.59431342	-5497.69668701	-5582.56388938	-5524.90053114
186.274745403 -5138.26081305	-4907.54055642	-5139.4553963	-4956.98220079	-4857.81639591	-4931.54335092	-5168.86252154	-5504.99844403	-5565.32725014	-5516.75501616
188.277544693 -5231.26507816	-4878.85317399	-5210.14160562	-4991.82239139	-4888.03544505	-4908.29733142	-5154.33774527	-5509.66231894	-5545.64342971	-5508.46667803
190.280340649 -5276.98204054	-4858.39889205	-5287.74941347	-5015.7609923	-4909.39256159	-4850.92783534	-5130.46550039	-5497.42676818	-5545.12567116	-5501.30031598
192.283133272 -5294.92822082	-4888.28517168	-5380.37471754	-5020.57874593	-4919.79546132	-4799.42398042	-5102.61604627	-5472.29453149	-5564.09913928	-5498.9268636
194.28592256 -5293.67278882	-4884.18423985	-5502.6016947	-5003.44797889	-4922.50953834	-4796.21990827	-5072.05506124	-5449.0436081	-5604.76617741	-5499.14736445
196.288708511 -5291.52865773	-4885.73343846	-5673.7796278	-4970.49412685	-4918.93237366	-4847.81552624	-5046.65033712	-5431.44252768	-5669.69830555	-5504.51928679
198.291491126 -5294.59115718	-4980.97742533	-5911.50064481	-4934.06063546	-4912.86930938	-4922.86649841	-5038.38315107	-5414.87433347	-5732.44002245	-5514.2959975
200.294270402 -5294.18738011	-5031.09121796	-6264.38963349	-4908.04879837	-4906.28861818	-4998.76047574	-5044.2421223	-5410.37277359	-5754.86926933	-5522.63051448
